{"lr-SGD/pg2": 0.00998107096965489, "lr-SGD/pg3": 0.00998107096965489, "epoch": 0, "_runtime": 3523.1761679649353, "lr-SGD/pg1": 0.0009981070969654888, "_timestamp": 1706759844.600039, "trainer/global_step": 49, "loss": 1.557354211807251, "_step": 3, "_wandb": {"runtime": 3748}}