{"loss": 1.557354211807251, "epoch": 0, "_timestamp": 1706759844.600039, "lr-SGD/pg2": 0.00998107096965489, "lr-SGD/pg3": 0.00998107096965489, "_step": 3, "_runtime": 3523.1761679649353, "lr-SGD/pg1": 0.0009981070969654888, "trainer/global_step": 49, "_wandb": {"runtime": 3691}}