{"lr-SGD/pg1": 0.0009981070969654888, "lr-SGD/pg2": 0.00998107096965489, "trainer/global_step": 49, "loss": 1.383385181427002, "_timestamp": 1706757671.8177657, "_runtime": 1550.9949824810028, "lr-SGD/pg3": 0.00998107096965489, "_step": 1, "epoch": 0, "_wandb": {"runtime": 2446}}