{"trainer/global_step": 49, "_step": 1, "_runtime": 1550.9949824810028, "_timestamp": 1706757671.8177657, "lr-SGD/pg1": 0.0009981070969654888, "lr-SGD/pg2": 0.00998107096965489, "lr-SGD/pg3": 0.00998107096965489, "loss": 1.383385181427002, "epoch": 0, "_wandb": {"runtime": 2017}}